{
  "timestamp": "20260210_025640",
  "total_papers": 2604,
  "config": {
    "sample_size": 100,
    "seed": 42,
    "model_size": "8B"
  },
  "attack_analysis": {
    "total_papers": 2604,
    "by_attack_type": {
      "hidden": {
        "count": 502,
        "avg_rating": 5.164276228419655,
        "median_rating": 5.25,
        "std_rating": 0.8952493062312821,
        "accept_rate": 0.31274900398406374,
        "decision_dist": {
          "Reject": 345,
          "Accept": 157
        }
      },
      "polite": {
        "count": 501,
        "avg_rating": 4.939421157684631,
        "median_rating": 5.0,
        "std_rating": 0.9337814863614812,
        "accept_rate": 0.21756487025948104,
        "decision_dist": {
          "Reject": 392,
          "Accept": 109
        }
      },
      "persuasive": {
        "count": 501,
        "avg_rating": 4.908582834331337,
        "median_rating": 5.0,
        "std_rating": 0.9446672364514134,
        "accept_rate": 0.24550898203592814,
        "decision_dist": {
          "Accept": 123,
          "Reject": 378
        }
      },
      "none": {
        "count": 100,
        "avg_rating": 4.5025,
        "median_rating": 4.5,
        "std_rating": 1.066888589603555,
        "accept_rate": 0.1,
        "decision_dist": {
          "Reject": 90,
          "Accept": 10
        }
      },
      "direct": {
        "count": 500,
        "avg_rating": 5.2591,
        "median_rating": 5.25,
        "std_rating": 0.8576498799820744,
        "accept_rate": 0.332,
        "decision_dist": {
          "Reject": 334,
          "Accept": 166
        }
      },
      "instruction": {
        "count": 500,
        "avg_rating": 5.049033333333333,
        "median_rating": 5.0,
        "std_rating": 0.8655506785077588,
        "accept_rate": 0.27,
        "decision_dist": {
          "Reject": 365,
          "Accept": 135
        }
      }
    },
    "by_attack_position": {
      "methods": {
        "count": 502,
        "avg_rating": 4.946447543160691,
        "median_rating": 5.0,
        "accept_rate": 0.22709163346613545
      },
      "experiments": {
        "count": 499,
        "avg_rating": 5.009251837007348,
        "median_rating": 5.0,
        "accept_rate": 0.2625250501002004
      },
      "abstract": {
        "count": 502,
        "avg_rating": 5.050697211155378,
        "median_rating": 5.0,
        "accept_rate": 0.2868525896414343
      },
      "introduction": {
        "count": 501,
        "avg_rating": 5.088922155688623,
        "median_rating": 5.0,
        "accept_rate": 0.2554890219560878
      },
      "conclusion": {
        "count": 500,
        "avg_rating": 5.2253,
        "median_rating": 5.25,
        "accept_rate": 0.346
      },
      "none": {
        "count": 100,
        "avg_rating": 4.5025,
        "median_rating": 4.5,
        "accept_rate": 0.1
      }
    },
    "by_variant": {},
    "attack_effectiveness": {
      "hidden": {
        "avg_rating_change": 0.6597941567065073,
        "median_rating_change": 0.5,
        "positive_effect_rate": 0.6334661354581673,
        "negative_effect_rate": 0.21115537848605578,
        "no_effect_rate": 0.1553784860557769
      },
      "polite": {
        "avg_rating_change": 0.4339321357285429,
        "median_rating_change": 0.25,
        "positive_effect_rate": 0.5548902195608783,
        "negative_effect_rate": 0.2954091816367265,
        "no_effect_rate": 0.1497005988023952
      },
      "persuasive": {
        "avg_rating_change": 0.40059880239520956,
        "median_rating_change": 0.25,
        "positive_effect_rate": 0.5528942115768463,
        "negative_effect_rate": 0.29740518962075846,
        "no_effect_rate": 0.1497005988023952
      },
      "direct": {
        "avg_rating_change": 0.7581,
        "median_rating_change": 0.5,
        "positive_effect_rate": 0.676,
        "negative_effect_rate": 0.174,
        "no_effect_rate": 0.15
      },
      "instruction": {
        "avg_rating_change": 0.5465333333333333,
        "median_rating_change": 0.5,
        "positive_effect_rate": 0.596,
        "negative_effect_rate": 0.268,
        "no_effect_rate": 0.136
      }
    }
  }
}